"PkDulKnGQT8N","2026-07-30T04:54:26Z","UsDhZzB7LzmI","USER","_current_assigned_to"
"PkDuk5SXme9f","2026-07-30T04:54:26Z","UsCy_sBQil8n","USER","_current_assigned_to"
"PkDueBem3xJ_","2026-07-30T04:54:26Z","UsDYHFU4f3ES","USER","_current_assigned_to"
"PkDueAi0gMm6","2026-07-30T04:54:26Z","UsDYHFU4f3ES","USER","_current_assigned_to"
"PkDue9tTz0K1","2026-07-30T04:54:26Z","UsDYHFU4f3ES","USER","_current_assigned_to"
"PkDue9NFcYRx","2026-07-30T04:54:26Z","UsDYHFU4f3ES","USER","_current_assigned_to"
"PkDue8n5lUE2","2026-07-30T04:54:26Z","UsDYHFU4f3ES","USER","_current_assigned_to"
"PkDue84FJ140","2026-07-30T04:54:26Z","UsDYHFU4f3ES","USER","_current_assigned_to"
"PkDue7M_RLsa","2026-07-30T04:54:26Z","UsDYHFU4f3ES","USER","_current_assigned_to"
"PkDue6UatyUe","2026-07-30T04:54:26Z","UsDYHFU4f3ES","USER","_current_assigned_to"
"PkDue5h8aD4t","2026-07-30T04:54:26Z","UsDYHFU4f3ES","USER","_current_assigned_to"
"PkDudwnTJGVt","2026-07-30T04:54:26Z","UsDYHFU4f3ES","USER","_current_assigned_to"
"PkDudwLXMWJz","2026-07-30T04:54:26Z","UsDYHFU4f3ES","USER","_current_assigned_to"
"PkDudvdJLItn","2026-07-30T04:54:26Z","UsDYHFU4f3ES","USER","_current_assigned_to"
"PkDudvFHSWSt","2026-07-30T04:54:26Z","UsDYHFU4f3ES","USER","_current_assigned_to"
"PkDuduQZdrhO","2026-07-30T04:54:26Z","UsDYHFU4f3ES","USER","_current_assigned_to"
"PkDudtBKjS0D","2026-07-30T04:54:26Z","UsDYHFU4f3ES","USER","_current_assigned_to"
"PkDudrzCBVtS","2026-07-30T04:54:26Z","UsDYHFU4f3ES","USER","_current_assigned_to"
"PkDudnxxpTnJ","2026-07-30T04:54:26Z","UsDTb7E7dFmW","USER","_current_assigned_to"
"PkDudlkwpRi6","2026-07-30T04:54:26Z","UsDTb7E7dFmW","USER","_current_assigned_to"
"PkDudDYFSULL","2026-07-30T04:54:26Z","UsDTb7E7dFmW","USER","_current_assigned_to"
"PkDud9I6IBBm","2026-07-30T04:54:26Z","UsDTb7E7dFmW","USER","_current_assigned_to"
"PkDucsoYJYFq","2026-07-30T04:54:26Z","UsDTb7E7dFmW","USER","_current_assigned_to"
"PkDucrAYKtjs","2026-07-30T04:54:26Z","UsDTb7E7dFmW","USER","_current_assigned_to"
"PkDucjc5k6ZR","2026-07-30T04:54:26Z","UsDTb7E7dFmW","USER","_current_assigned_to"
"PkDucigw8sSB","2026-07-30T04:54:26Z","UsDTb7E7dFmW","USER","_current_assigned_to"
"PkDucfkRmwYT","2026-07-30T04:54:26Z","UsDTb7E7dFmW","USER","_current_assigned_to"
"PkDucbh3lwNA","2026-07-30T04:54:26Z","UsDTb7E7dFmW","USER","_current_assigned_to"
"PkDucbbwnu6V","2026-07-30T04:54:26Z","UsDOt9LFQmBz","USER","_current_assigned_to"
"PkDucbAJxj_U","2026-07-30T04:54:26Z","UsCy9_Q7B_w9","USER","_current_assigned_to"
"PkDucaZMIbmW","2026-07-30T04:54:26Z","UsCw2I27fXaf","USER","_current_assigned_to"
"PkDucaAf7Ymh","2026-07-30T04:54:26Z","UsCw2I27fXaf","USER","_current_assigned_to"
"PkDuc_lS6RfW","2026-07-30T04:54:26Z","UsCw2I27fXaf","USER","_current_assigned_to"
"PkDuc_KgRskJ","2026-07-30T04:54:26Z","UsCw2I27fXaf","USER","_current_assigned_to"
"PkDucZu2C2vJ","2026-07-30T04:54:26Z","UsCw2I27fXaf","USER","_current_assigned_to"
"PkDucZRqdfZV","2026-07-30T04:54:26Z","UsCw2I27fXaf","USER","_current_assigned_to"
"PkDucXlEfqZK","2026-07-30T04:54:26Z","UsDTb7E7dFmW","USER","_current_assigned_to"
"PkDucXK0uxZj","2026-07-30T04:54:26Z","UsCw2I27fXaf","USER","_current_assigned_to"
"PkDucW1aA9gZ","2026-07-30T04:54:26Z","UsDOt9LFQmBz","USER","_current_assigned_to"
"PkDucVJUrRw7","2026-07-30T04:54:26Z","UsCy9_Q7B_w9","USER","_current_assigned_to"
"PkDucUpzSKID","2026-07-30T04:54:26Z","UsDOt0RNsh1y","USER","_current_assigned_to"
"PkDucUGavFVI","2026-07-30T04:54:26Z","UsDOt9LFQmBz","USER","_current_assigned_to"
"PkDucTkBK_Tk","2026-07-30T04:54:26Z","UsDOt0RNsh1y","USER","_current_assigned_to"
"PkDucReu9Gt1","2026-07-30T04:54:26Z","UsDTb7E7dFmW","USER","_current_assigned_to"
"PkDucR77iE_Z","2026-07-30T04:54:26Z","UsDGmglyEMR9","USER","_current_assigned_to"
"PkDucQcyw7_Z","2026-07-30T04:54:26Z","UsDGmglyEMR9","USER","_current_assigned_to"
"PkDucQVBDLDv","2026-07-30T04:54:26Z","UsDTb7E7dFmW","USER","_current_assigned_to"
"PkDucPw7qFvr","2026-07-30T04:54:26Z","UsDOt9LFQmBz","USER","_current_assigned_to"
"PkDucPal1aOB","2026-07-30T04:54:26Z","UsDGmglyEMR9","USER","_current_assigned_to"
"PkDucOpbafTe","2026-07-30T04:54:26Z","UsCy9_Q7B_w9","USER","_current_assigned_to"
"PkDucORVCQWH","2026-07-30T04:54:26Z","UsDTb7E7dFmW","USER","_current_assigned_to"
"PkDucOHhKv35","2026-07-30T04:54:26Z","UsCy9_Q7B_w9","USER","_current_assigned_to"
"PkDucNRxoofD","2026-07-30T04:54:26Z","UsDOt9LFQmBz","USER","_current_assigned_to"
"PkDucLoLG7Pb","2026-07-30T04:54:26Z","UsDTb7E7dFmW","USER","_current_assigned_to"
"PkDucLTUT9qE","2026-07-30T04:54:26Z","UsDOt9LFQmBz","USER","_current_assigned_to"
"PkDucKQ2_x7E","2026-07-30T04:54:26Z","UsDTb7E7dFmW","USER","_current_assigned_to"
"PkDucKJLwBtD","2026-07-30T04:54:26Z","UsCy9_Q7B_w9","USER","_current_assigned_to"
"PkDucJPBL6Ak","2026-07-30T04:54:26Z","UsDTb7E7dFmW","USER","_current_assigned_to"
"PkDucHxcV1ro","2026-07-30T04:54:26Z","UsDTb7E7dFmW","USER","_current_assigned_to"
"PkDucGbbrDPD","2026-07-30T04:54:26Z","UsDOt0RNsh1y","USER","_current_assigned_to"
"PkDuINuy4XSf","2026-07-30T04:54:26Z","UsDGmglyEMR9","USER","_current_assigned_to"
"PkDuIFFJX8sZ","2026-07-30T04:54:26Z","UsCy9_Q7B_w9","USER","_current_assigned_to"
"PkDuIEV6Iepj","2026-07-30T04:54:26Z","UsCy9_Q7B_w9","USER","_current_assigned_to"
"PkDuIDwljIFF","2026-07-30T04:54:26Z","UsCx3yz1jnve","USER","_current_assigned_to"
"PkDuIDM_1eeh","2026-07-30T04:54:26Z","UsCx3yz1jnve","USER","_current_assigned_to"
"PkDuICdloXmq","2026-07-30T04:54:26Z","UsCx3tZqdBbh","USER","_current_assigned_to"
"PkDuIB5XKxCZ","2026-07-30T04:54:26Z","UsDOsydGlVKh","USER","_current_assigned_to"
"PkDuI9s87rc4","2026-07-30T04:54:26Z","UsCx3tZqdBbh","USER","_current_assigned_to"
"PkDuI9ExWYoW","2026-07-30T04:54:26Z","UsCx3tZqdBbh","USER","_current_assigned_to"
"PkDuI8Np7m2u","2026-07-30T04:54:26Z","UsCx3tZqdBbh","USER","_current_assigned_to"
"PkDuI7JuMxMe","2026-07-30T04:54:26Z","UsCx3tZqdBbh","USER","_current_assigned_to"
"PkDuHmvGo3LZ","2026-07-30T04:54:26Z","UsDOsxLUSFnb","USER","_current_assigned_to"
"PkDuHiKkeJKc","2026-07-30T04:54:26Z","UsDYHFU4f3ES","USER","_current_assigned_to"
"PkDuHR2hsg9L","2026-07-30T04:54:26Z","UsCyVvWa2KTv","USER","_current_assigned_to"
"PkDuHPAFQ5Bc","2026-07-30T04:54:26Z","UsDTb7E7dFmW","USER","_current_assigned_to"
"PkDuHOarearM","2026-07-30T04:54:26Z","UsCyVvWa2KTv","USER","_current_assigned_to"
"PkDuHLfcD3Ln","2026-07-30T04:54:26Z","UsDYHFU4f3ES","USER","_current_assigned_to"
"PkDuHHbQ246_","2026-07-30T04:54:26Z","UsDTb7E7dFmW","USER","_current_assigned_to"
"PkDuGRPbXzxR","2026-07-30T04:54:26Z","UsCyVtfHVYHy","USER","_current_assigned_to"
"PkDu2XFqAhJ0","2026-07-30T04:54:26Z","UsDhZzB7LzmI","USER","_current_assigned_to"
"PkDu2WhCwUex","2026-07-30T04:54:26Z","UsDhZzB7LzmI","USER","_current_assigned_to"
"PkDu2W81nWHW","2026-07-30T04:54:26Z","UsDhZzB7LzmI","USER","_current_assigned_to"
"PkDu2V4xdAwt","2026-07-30T04:54:26Z","UsDhZzB7LzmI","USER","_current_assigned_to"
"PkDu2U71e8ji","2026-07-30T04:54:26Z","UsDhZzB7LzmI","USER","_current_assigned_to"
"PkDu2SjLLpq9","2026-07-30T04:54:26Z","UsDhZzB7LzmI","USER","_current_assigned_to"
"PkDu2QtGzWMO","2026-07-30T04:54:26Z","UsDhZzB7LzmI","USER","_current_assigned_to"
"PkDu2H44354c","2026-07-30T04:54:26Z","UsDhZzB7LzmI","USER","_current_assigned_to"
"PkDu2EI1A_9d","2026-07-30T04:54:26Z","UsDhZzB7LzmI","USER","_current_assigned_to"
"PkDu2DDnq1Sp","2026-07-30T04:54:26Z","UsDhZzB7LzmI","USER","_current_assigned_to"
"PkDu2CQe8J1H","2026-07-30T04:54:26Z","UsCy_sBQil8n","USER","_current_assigned_to"
"PkDu2BaizMva","2026-07-30T04:54:26Z","UsCy_sBQil8n","USER","_current_assigned_to"
"PkDu2Ar2fTER","2026-07-30T04:54:26Z","UsCy_sBQil8n","USER","_current_assigned_to"
"PkDu29uqtbBj","2026-07-30T04:54:26Z","UsDhZzB7LzmI","USER","_current_assigned_to"
"PkDu28psaJ96","2026-07-30T04:54:26Z","UsDhZzB7LzmI","USER","_current_assigned_to"
"PkDu283LAMtd","2026-07-30T04:54:26Z","UsCy_sBQil8n","USER","_current_assigned_to"
"PkDu26x7u7tF","2026-07-30T04:54:26Z","UsCy_sBQil8n","USER","_current_assigned_to"
"PkDu25Z6fJHr","2026-07-30T04:54:26Z","UsCy_sBQil8n","USER","_current_assigned_to"
"PkDu24dJA9An","2026-07-30T04:54:26Z","UsDhZzB7LzmI","USER","_current_assigned_to"
"PkDu23dOl98I","2026-07-30T04:54:26Z","UsDhZzB7LzmI","USER","_current_assigned_to"
"PkDu22WD63V9","2026-07-30T04:54:26Z","UsDhZzB7LzmI","USER","_current_assigned_to"
"PkDu21TM2W0z","2026-07-30T04:54:26Z","UsDhZzB7LzmI","USER","_current_assigned_to"
"PkDu20R_kCBR","2026-07-30T04:54:26Z","UsDhZzB7LzmI","USER","_current_assigned_to"
"PkDu1zOGg6ei","2026-07-30T04:54:26Z","UsDhZzB7LzmI","USER","_current_assigned_to"
"PkDu1ofKcRnr","2026-07-30T04:54:26Z","UsDhZzB7LzmI","USER","_current_assigned_to"
"PkDu1nrlE5By","2026-07-30T04:54:26Z","UsDhZzB7LzmI","USER","_current_assigned_to"
"PkDu1mdBFO2v","2026-07-30T04:54:26Z","UsDhZzB7LzmI","USER","_current_assigned_to"
"PkDu1kd6Pmyi","2026-07-30T04:54:26Z","UsDhZzB7LzmI","USER","_current_assigned_to"
"PkDu0zsXkCK3","2026-07-30T04:54:26Z","UsCy_sBQil8n","USER","_current_assigned_to"
"PkDtxYpS5eY5","2026-07-30T04:54:26Z","UsCyVvWa2KTv","USER","_current_assigned_to"
"PkDtvVSB4uq1","2026-07-30T04:54:26Z","UsCw2I27fXaf","USER","_current_assigned_to"
"PkDtuwc0zA8r","2026-07-30T04:54:26Z","UsDGmglyEMR9","USER","_current_assigned_to"
"PkDtut2f8p1Z","2026-07-30T04:54:26Z","UsCy9_Q7B_w9","USER","_current_assigned_to"
"PkDtusDCMh57","2026-07-30T04:54:26Z","UsCy9_Q7B_w9","USER","_current_assigned_to"
"PkDtucRfQkQy","2026-07-30T04:54:26Z","UsDGmglyEMR9","USER","_current_assigned_to"
"PkDtuVYGPIUb","2026-07-30T04:54:26Z","UsDGmglyEMR9","USER","_current_assigned_to"
"PkDtuJArbCw4","2026-07-30T04:54:26Z","UsCyVwuplHVM","USER","_current_assigned_to"
"PkDsw2fE3FpJ","2026-07-30T04:54:26Z","UsDhZzB7LzmI","USER","_current_assigned_to"
"PkDsw1n2JBUb","2026-07-30T04:54:26Z","UsCy_sBQil8n","USER","_current_assigned_to"
"PkDsw0uyL7ID","2026-07-30T04:54:26Z","UsCy_sBQil8n","USER","_current_assigned_to"
"PkDsvztk_adY","2026-07-30T04:54:26Z","UsDhZzB7LzmI","USER","_current_assigned_to"
"PkDsvyrJBEQD","2026-07-30T04:54:26Z","UsDhZzB7LzmI","USER","_current_assigned_to"
"PkDsvxqo7O7h","2026-07-30T04:54:26Z","UsDhZzB7LzmI","USER","_current_assigned_to"
"PkDsvwuFU7dz","2026-07-30T04:54:26Z","UsDhZzB7LzmI","USER","_current_assigned_to"
"PkDsvvpTQ5wy","2026-07-30T04:54:26Z","UsDhZzB7LzmI","USER","_current_assigned_to"
"PkDsvumxsC6y","2026-07-30T04:54:26Z","UsDhZzB7LzmI","USER","_current_assigned_to"
"PkDsvtqtpHqi","2026-07-30T04:54:26Z","UsDhZzB7LzmI","USER","_current_assigned_to"
"PkDsvsrMRxf2","2026-07-30T04:54:26Z","UsDhZzB7LzmI","USER","_current_assigned_to"
"PkDsvrywKrhb","2026-07-30T04:54:26Z","UsCy_sBQil8n","USER","_current_assigned_to"
"PkDsvqwOu6SD","2026-07-30T04:54:26Z","UsCy_sBQil8n","USER","_current_assigned_to"
"PkDsvpuwwEqS","2026-07-30T04:54:26Z","UsDhZzB7LzmI","USER","_current_assigned_to"
"PkDsvojRxhHm","2026-07-30T04:54:26Z","UsCy_sBQil8n","USER","_current_assigned_to"
"PkDsvnCOJO4H","2026-07-30T04:54:26Z","UsCy_sBQil8n","USER","_current_assigned_to"
"PkDsvZ2xUVPB","2026-07-30T04:54:26Z","UsDhZzB7LzmI","USER","_current_assigned_to"
"PkDsvWywoPTe","2026-07-30T04:54:26Z","UsDhZzB7LzmI","USER","_current_assigned_to"
"PkDsvVvyh2Fc","2026-07-30T04:54:26Z","UsDhZzB7LzmI","USER","_current_assigned_to"
"PkDsvUZOzyXV","2026-07-30T04:54:26Z","UsDhZzB7LzmI","USER","_current_assigned_to"
"PkDsvTNFSaew","2026-07-30T04:54:26Z","UsDhZzB7LzmI","USER","_current_assigned_to"
"PkDsvSLwe2xm","2026-07-30T04:54:26Z","UsDhZzB7LzmI","USER","_current_assigned_to"
"PkDsvRFikI_t","2026-07-30T04:54:26Z","UsDhZzB7LzmI","USER","_current_assigned_to"
"PkDsvQA0Ulhv","2026-07-30T04:54:26Z","UsDhZzB7LzmI","USER","_current_assigned_to"
"PkDssmsnqwUP","2026-07-30T04:54:26Z","UsCx3tZqdBbh","USER","_current_assigned_to"
"PkDssgJH81do","2026-07-30T04:54:26Z","UsCx3tZqdBbh","USER","_current_assigned_to"
"PkDssc92Luyb","2026-07-30T04:54:26Z","UsCx3tZqdBbh","USER","_current_assigned_to"
"PkDssampR9D_","2026-07-30T04:54:26Z","UsCx3tZqdBbh","USER","_current_assigned_to"
"PkDssSOG1qpP","2026-07-30T04:54:26Z","UsCyVtfHVYHy","USER","_current_assigned_to"
"PkDsohEOVa5I","2026-07-30T04:54:26Z","UsDOt4rdriSx","USER","_current_assigned_to"
"PkDsofeq8Poq","2026-07-30T04:54:26Z","UsDhZzB7LzmI","USER","_current_assigned_to"
"PkDsoeQbqsK6","2026-07-30T04:54:26Z","UsDhZzB7LzmI","USER","_current_assigned_to"
"PkDsocaRmAXp","2026-07-30T04:54:26Z","UsDhZzB7LzmI","USER","_current_assigned_to"
"PkDsYIirCIRI","2026-07-30T04:54:26Z","UsCyVtfHVYHy","USER","_current_assigned_to"
"PkDsDpBEIoDO","2026-07-30T04:54:26Z","UsDhZzB7LzmI","USER","_current_assigned_to"
"PkDsDlgUlwAV","2026-07-30T04:54:26Z","UsDhZzB7LzmI","USER","_current_assigned_to"
"PkDsDi_MYJ6P","2026-07-30T04:54:26Z","UsCy_sBQil8n","USER","_current_assigned_to"
"PkDsDg5w7bY5","2026-07-30T04:54:26Z","UsCy_sBQil8n","USER","_current_assigned_to"
"PkDsDeo3gBSb","2026-07-30T04:54:26Z","UsCy_sBQil8n","USER","_current_assigned_to"
"PkDsDdX1Tl9m","2026-07-30T04:54:26Z","UsDhZzB7LzmI","USER","_current_assigned_to"
"PkDsDbL0anKu","2026-07-30T04:54:26Z","UsDhZzB7LzmI","USER","_current_assigned_to"
"PkDsD08LMTFz","2026-07-30T04:54:26Z","UsDhZzB7LzmI","USER","_current_assigned_to"
"PkDsCyXhlQBR","2026-07-30T04:54:26Z","UsDhZzB7LzmI","USER","_current_assigned_to"
"PkDsCx2dYYnI","2026-07-30T04:54:26Z","UsDhZzB7LzmI","USER","_current_assigned_to"
"PkDsCvnNoHw0","2026-07-30T04:54:26Z","UsDOt4rdriSx","USER","_current_assigned_to"
"PkDsCs7uSyDa","2026-07-30T04:54:26Z","UsDhZzB7LzmI","USER","_current_assigned_to"
"PkDs8gj5a_mj","2026-07-30T04:54:26Z","UsDnoMRD1cmm","USER","_current_assigned_to"
"PkDs7bVLbjUN","2026-07-30T04:54:26Z","UsDhZzB7LzmI","USER","_current_assigned_to"
"PkDs7aFTFuTT","2026-07-30T04:54:26Z","UsDhZzB7LzmI","USER","_current_assigned_to"
"PkDs7_92JTWM","2026-07-30T04:54:26Z","UsDhZzB7LzmI","USER","_current_assigned_to"
"PkDs7UdKYI1_","2026-07-30T04:54:26Z","UsDhZzB7LzmI","USER","_current_assigned_to"
"PkDs7TawIZrF","2026-07-30T04:54:26Z","UsDhZzB7LzmI","USER","_current_assigned_to"
"PkDs7S9kYwCj","2026-07-30T04:54:26Z","UsDhZzB7LzmI","USER","_current_assigned_to"
"PkDs7QRoQIob","2026-07-30T04:54:26Z","UsDhZzB7LzmI","USER","_current_assigned_to"
"PkDs7NHzY_e0","2026-07-30T04:54:26Z","UsDhZzB7LzmI","USER","_current_assigned_to"
"PkDs7M8sjPLY","2026-07-30T04:54:26Z","UsDhZzB7LzmI","USER","_current_assigned_to"
"PkDs7KpJ0GzO","2026-07-30T04:54:26Z","UsDhZzB7LzmI","USER","_current_assigned_to"
"PkDs6zfiHyet","2026-07-30T04:54:26Z","UsDhZzB7LzmI","USER","_current_assigned_to"
"PkDs6v6B1yjF","2026-07-30T04:54:26Z","UsDhZzB7LzmI","USER","_current_assigned_to"
"PkDrqDATspAP","2026-07-30T04:54:26Z","UsDhZzB7LzmI","USER","_current_assigned_to"
"PkDrqC5J0DAF","2026-07-30T04:54:26Z","UsDhZzB7LzmI","USER","_current_assigned_to"
"PkDrqB6pCDvh","2026-07-30T04:54:26Z","UsDhZzB7LzmI","USER","_current_assigned_to"
"PkDrqA6FgPt3","2026-07-30T04:54:26Z","UsDhZzB7LzmI","USER","_current_assigned_to"
"PkDrq8aoQZo0","2026-07-30T04:54:26Z","UsDhZzB7LzmI","USER","_current_assigned_to"
"PkDrq7E4MHui","2026-07-30T04:54:26Z","UsDhZzB7LzmI","USER","_current_assigned_to"
"PkDrq4ulVDVY","2026-07-30T04:54:26Z","UsDhZzB7LzmI","USER","_current_assigned_to"
"PkDrSFpKm3zl","2026-07-30T04:54:26Z","UsCy_sBQil8n","USER","_current_assigned_to"
"PkDrSAgTGQan","2026-07-30T04:54:26Z","UsDhZzB7LzmI","USER","_current_assigned_to"
"PkDrS3tyfiHP","2026-07-30T04:54:26Z","UsCy_sBQil8n","USER","_current_assigned_to"
"PkDrS2KEE0AF","2026-07-30T04:54:26Z","UsDhZzB7LzmI","USER","_current_assigned_to"
"PkDrRz2w_maJ","2026-07-30T04:54:26Z","UsCy_sBQil8n","USER","_current_assigned_to"
"PkDrRrFff9ac","2026-07-30T04:54:26Z","UsDOt4rdriSx","USER","_current_assigned_to"
"PkDrRpYxTIwf","2026-07-30T04:54:26Z","UsDhZzB7LzmI","USER","_current_assigned_to"
"PkDrRkFvCQQ4","2026-07-30T04:54:26Z","UsDhZzB7LzmI","USER","_current_assigned_to"
"PkDrRhKCOiyM","2026-07-30T04:54:26Z","UsDhZzB7LzmI","USER","_current_assigned_to"
"PkDrRYouvwir","2026-07-30T04:54:26Z","UsCy_sBQil8n","USER","_current_assigned_to"
"PkDrRLL219X9","2026-07-30T04:54:26Z","UsDhZzB7LzmI","USER","_current_assigned_to"
"PkDrRJd6YRLy","2026-07-30T04:54:26Z","UsDhZzB7LzmI","USER","_current_assigned_to"
"PkDrRHONW1UV","2026-07-30T04:54:26Z","UsDhZzB7LzmI","USER","_current_assigned_to"
"PkDrREj130ui","2026-07-30T04:54:26Z","UsCy_sBQil8n","USER","_current_assigned_to"
"PkDrR7H7pJfW","2026-07-30T04:54:26Z","UsDhZzB7LzmI","USER","_current_assigned_to"
"PkDrR5ix63Sy","2026-07-30T04:54:26Z","UsDhZzB7LzmI","USER","_current_assigned_to"
"PkDrR4cHVqM4","2026-07-30T04:54:26Z","UsDhZzB7LzmI","USER","_current_assigned_to"
"PkDrR0uNe6qh","2026-07-30T04:54:26Z","UsDhZzB7LzmI","USER","_current_assigned_to"
"PkDrQevaOijr","2026-07-30T04:54:26Z","UsDhZzB7LzmI","USER","_current_assigned_to"
"PkDrQdljGumJ","2026-07-30T04:54:26Z","UsDhZzB7LzmI","USER","_current_assigned_to"
"PkDrQcGwR3of","2026-07-30T04:54:26Z","UsDhZzB7LzmI","USER","_current_assigned_to"
"PkDrQausU6ag","2026-07-30T04:54:26Z","UsDhZzB7LzmI","USER","_current_assigned_to"
"PkDrQ_eZiD1K","2026-07-30T04:54:26Z","UsDhZzB7LzmI","USER","_current_assigned_to"
"PkDrQU7Te0xY","2026-07-30T04:54:26Z","UsDhZzB7LzmI","USER","_current_assigned_to"
"PkDrPt5g6IcD","2026-07-30T04:54:26Z","UsDhZzB7LzmI","USER","_current_assigned_to"
"PkDrPrn9_0tV","2026-07-30T04:54:26Z","UsDhZzB7LzmI","USER","_current_assigned_to"
"PkDrPqfjkM5L","2026-07-30T04:54:26Z","UsDhZzB7LzmI","USER","_current_assigned_to"
"PkDrPmbSNDfy","2026-07-30T04:54:26Z","UsDhZzB7LzmI","USER","_current_assigned_to"
"PkDrPkOyXc0M","2026-07-30T04:54:26Z","UsDhZzB7LzmI","USER","_current_assigned_to"
"PkDrOfZwpCF4","2026-07-30T04:54:26Z","UsDhZzB7LzmI","USER","_current_assigned_to"
"PkDrOQC6fgh6","2026-07-30T04:54:26Z","UsDhZzB7LzmI","USER","_current_assigned_to"
"PkDrOPDuHFUA","2026-07-30T04:54:26Z","UsDhZzB7LzmI","USER","_current_assigned_to"
"PkDrON05lHSE","2026-07-30T04:54:26Z","UsDhZzB7LzmI","USER","_current_assigned_to"
"PkDrOL_QtR89","2026-07-30T04:54:26Z","UsDhZzB7LzmI","USER","_current_assigned_to"
"PkDrOK_sS7Tv","2026-07-30T04:54:26Z","UsDhZzB7LzmI","USER","_current_assigned_to"
"PkDrOJQs8ij8","2026-07-30T04:54:26Z","UsDhZzB7LzmI","USER","_current_assigned_to"
"PkDrOHzrRAk6","2026-07-30T04:54:26Z","UsDhZzB7LzmI","USER","_current_assigned_to"
"PkDrOG9LFUHL","2026-07-30T04:54:26Z","UsDhZzB7LzmI","USER","_current_assigned_to"
"PkDrOESgH465","2026-07-30T04:54:26Z","UsDhZzB7LzmI","USER","_current_assigned_to"
"PkDrOCXsm70N","2026-07-30T04:54:26Z","UsDhZzB7LzmI","USER","_current_assigned_to"
"PkDrO9oFJi1H","2026-07-30T04:54:26Z","UsDhZzB7LzmI","USER","_current_assigned_to"
"PkDrO8ZjfobP","2026-07-30T04:54:26Z","UsDhZzB7LzmI","USER","_current_assigned_to"
"PkDrO7DKco5Q","2026-07-30T04:54:26Z","UsDhZzB7LzmI","USER","_current_assigned_to"
"PkDrO5wVTPQ_","2026-07-30T04:54:26Z","UsDhZzB7LzmI","USER","_current_assigned_to"
"PkDrO4DgOTDq","2026-07-30T04:54:26Z","UsDhZzB7LzmI","USER","_current_assigned_to"
"PkDrO2vZYkWN","2026-07-30T04:54:26Z","UsDhZzB7LzmI","USER","_current_assigned_to"
"PkDrO1VAMSqI","2026-07-30T04:54:26Z","UsDhZzB7LzmI","USER","_current_assigned_to"
"PkDrO0N0Ebv8","2026-07-30T04:54:26Z","UsDhZzB7LzmI","USER","_current_assigned_to"
"PkDrNz3978Iw","2026-07-30T04:54:26Z","UsDhZzB7LzmI","USER","_current_assigned_to"
"PkDrNuvTAu0Z","2026-07-30T04:54:26Z","UsDhZzB7LzmI","USER","_current_assigned_to"
"PkDrNskJDZYV","2026-07-30T04:54:26Z","UsDhZzB7LzmI","USER","_current_assigned_to"
"PkDrNgFhrLlN","2026-07-30T04:54:26Z","UsDhZzB7LzmI","USER","_current_assigned_to"
"PkDrNdRBs4zc","2026-07-30T04:54:26Z","UsDhZzB7LzmI","USER","_current_assigned_to"
"PkDrNc76bMHe","2026-07-30T04:54:26Z","UsCy_sBQil8n","USER","_current_assigned_to"
"PkDrNatPQ4MK","2026-07-30T04:54:26Z","UsDhZzB7LzmI","USER","_current_assigned_to"
"PkDrN_JY4qiN","2026-07-30T04:54:26Z","UsDhZzB7LzmI","USER","_current_assigned_to"
"PkDrNZ7bZaR5","2026-07-30T04:54:26Z","UsDhZzB7LzmI","USER","_current_assigned_to"
"PkDrNXSVlZSJ","2026-07-30T04:54:26Z","UsDhZzB7LzmI","USER","_current_assigned_to"
"PkDrNVQoB5SO","2026-07-30T04:54:26Z","UsDhZzB7LzmI","USER","_current_assigned_to"
"PkDrNSOLaBgQ","2026-07-30T04:54:26Z","UsDhZzB7LzmI","USER","_current_assigned_to"
"PkDrNMX3DOeK","2026-07-30T04:54:26Z","UsDhZzB7LzmI","USER","_current_assigned_to"
"PkDrNLHi8F6S","2026-07-30T04:54:26Z","UsDhZzB7LzmI","USER","_current_assigned_to"
"PkDrNK0LFzND","2026-07-30T04:54:26Z","UsCy_sBQil8n","USER","_current_assigned_to"
"PkDrNHJArqW7","2026-07-30T04:54:26Z","UsCy_sBQil8n","USER","_current_assigned_to"
"PkDrNGILo5S5","2026-07-30T04:54:26Z","UsDhZzB7LzmI","USER","_current_assigned_to"
"PkDrNFO_3WxI","2026-07-30T04:54:26Z","UsDhZzB7LzmI","USER","_current_assigned_to"
"PkDrNEUUm8EN","2026-07-30T04:54:26Z","UsDhZzB7LzmI","USER","_current_assigned_to"
"PkDrNDc1Nf7w","2026-07-30T04:54:26Z","UsDhZzB7LzmI","USER","_current_assigned_to"
"PkDrNCeBckPH","2026-07-30T04:54:26Z","UsDhZzB7LzmI","USER","_current_assigned_to"
"PkDrNBjV_lKv","2026-07-30T04:54:26Z","UsDhZzB7LzmI","USER","_current_assigned_to"
"PkDrN9ABGqb5","2026-07-30T04:54:26Z","UsDhZzB7LzmI","USER","_current_assigned_to"
"PkDrN4q8t7Fs","2026-07-30T04:54:26Z","UsDhZzB7LzmI","USER","_current_assigned_to"
"PkDrN2sF1Tzr","2026-07-30T04:54:26Z","UsDhZzB7LzmI","USER","_current_assigned_to"
"PkDrN1FNBsfZ","2026-07-30T04:54:26Z","UsDhZzB7LzmI","USER","_current_assigned_to"
"PkDrMzjZBnG3","2026-07-30T04:54:26Z","UsDhZzB7LzmI","USER","_current_assigned_to"
"PkDrMyf4wfu0","2026-07-30T04:54:26Z","UsDhZzB7LzmI","USER","_current_assigned_to"
"PkDrMxLn1cs5","2026-07-30T04:54:26Z","UsDhZzB7LzmI","USER","_current_assigned_to"
"PkDrMwKWuFUj","2026-07-30T04:54:26Z","UsCx3vovNk0v","USER","_current_assigned_to"
"PkDrMss12dZe","2026-07-30T04:54:26Z","UsDhZzB7LzmI","USER","_current_assigned_to"
"PkDrMqjm2geL","2026-07-30T04:54:26Z","UsDhZzB7LzmI","USER","_current_assigned_to"
"PkDrMpI8CE7d","2026-07-30T04:54:26Z","UsDhZzB7LzmI","USER","_current_assigned_to"
"PkDrMnaCVOZz","2026-07-30T04:54:26Z","UsDhZzB7LzmI","USER","_current_assigned_to"
"PkDrMjfWGNNP","2026-07-30T04:54:26Z","UsDhZzB7LzmI","USER","_current_assigned_to"
"PkDrMiLkayUh","2026-07-30T04:54:26Z","UsDhZzB7LzmI","USER","_current_assigned_to"
"PkDrMgcSmNAH","2026-07-30T04:54:26Z","UsDhZzB7LzmI","USER","_current_assigned_to"
"PkDrMf7MKFUs","2026-07-30T04:54:26Z","UsDhZzB7LzmI","USER","_current_assigned_to"
"PkDrMde0vggd","2026-07-30T04:54:26Z","UsDhZzB7LzmI","USER","_current_assigned_to"
"PkDrMblpE4KX","2026-07-30T04:54:26Z","UsDhZzB7LzmI","USER","_current_assigned_to"
"PkDrMaKRwfSj","2026-07-30T04:54:26Z","UsDhZzB7LzmI","USER","_current_assigned_to"
"PkDrMZp9fmIW","2026-07-30T04:54:26Z","UsDhZzB7LzmI","USER","_current_assigned_to"
"PkDrMYNTRAmc","2026-07-30T04:54:26Z","UsDhZzB7LzmI","USER","_current_assigned_to"
"PkDrMXIHJJkx","2026-07-30T04:54:26Z","UsDhZzB7LzmI","USER","_current_assigned_to"
"PkDrMW7MiPq7","2026-07-30T04:54:26Z","UsDhZzB7LzmI","USER","_current_assigned_to"
"PkDrMV09V6b_","2026-07-30T04:54:26Z","UsDhZzB7LzmI","USER","_current_assigned_to"
"PkDrMTnPGR4Y","2026-07-30T04:54:26Z","UsDhZzB7LzmI","USER","_current_assigned_to"
"PkDrMQln_8mz","2026-07-30T04:54:26Z","UsDhZzB7LzmI","USER","_current_assigned_to"
"PkDrMJzEq8fX","2026-07-30T04:54:26Z","UsDhZzB7LzmI","USER","_current_assigned_to"
"PkDrMIPt5k1J","2026-07-30T04:54:26Z","UsDhZzB7LzmI","USER","_current_assigned_to"
"PkDrLrPrc3KH","2026-07-30T04:54:26Z","UsDYHFU4f3ES","USER","_current_assigned_to"
"PkDrLqPDo8HV","2026-07-30T04:54:26Z","UsDYHFU4f3ES","USER","_current_assigned_to"
"PkDrLpbCHt6m","2026-07-30T04:54:26Z","UsDYHFU4f3ES","USER","_current_assigned_to"
"PkDrLoaIiEpV","2026-07-30T04:54:26Z","UsDYHFU4f3ES","USER","_current_assigned_to"
"PkDrLm8NO0SW","2026-07-30T04:54:26Z","UsDYHFU4f3ES","USER","_current_assigned_to"
"PkDrKkNHZbxw","2026-07-30T04:54:26Z","UsDYHFU4f3ES","USER","_current_assigned_to"
"PkDqfTv0mHxR","2026-07-30T04:54:26Z","UsDhZzB7LzmI","USER","_current_assigned_to"
"PkDqfStl1Gd7","2026-07-30T04:54:26Z","UsDhZzB7LzmI","USER","_current_assigned_to"
"PkDqfRTWDMGg","2026-07-30T04:54:26Z","UsDhZzB7LzmI","USER","_current_assigned_to"
"PkDqfPi3kcFf","2026-07-30T04:54:26Z","UsDhZzB7LzmI","USER","_current_assigned_to"
"PkDqfO1O_o3c","2026-07-30T04:54:26Z","UsDhZzB7LzmI","USER","_current_assigned_to"
"PkDqfN3OS2BR","2026-07-30T04:54:26Z","UsDhZzB7LzmI","USER","_current_assigned_to"
"PkDqfLL3KXYK","2026-07-30T04:54:26Z","UsDhZzB7LzmI","USER","_current_assigned_to"
"PkDqfKC0pJC7","2026-07-30T04:54:26Z","UsDhZzB7LzmI","USER","_current_assigned_to"
"PkDqfHilbIFH","2026-07-30T04:54:26Z","UsDhZzB7LzmI","USER","_current_assigned_to"
"PkDqfBjI1WrA","2026-07-30T04:54:26Z","UsDhZzB7LzmI","USER","_current_assigned_to"
"PkDqcp_7wS3f","2026-07-30T04:54:26Z","UsDhZzB7LzmI","USER","_current_assigned_to"
"PkDqcnv80W43","2026-07-30T04:54:26Z","UsDhZzB7LzmI","USER","_current_assigned_to"
"PkDqcmYCcMSH","2026-07-30T04:54:26Z","UsDhZzB7LzmI","USER","_current_assigned_to"
"PkDqckJZuHMz","2026-07-30T04:54:26Z","UsDhZzB7LzmI","USER","_current_assigned_to"
"PkDqcio9OWey","2026-07-30T04:54:26Z","UsDhZzB7LzmI","USER","_current_assigned_to"
"PkDqchBHAxQq","2026-07-30T04:54:26Z","UsDhZzB7LzmI","USER","_current_assigned_to"
"PkDqcfQ5W3oQ","2026-07-30T04:54:26Z","UsDhZzB7LzmI","USER","_current_assigned_to"
"PkDqc_5bdiYs","2026-07-30T04:54:26Z","UsDhZzB7LzmI","USER","_current_assigned_to"
"PkDqc8dP1zZC","2026-07-30T04:54:26Z","UsDhZzB7LzmI","USER","_current_assigned_to"
"PkDpvgSCeCaQ","2026-07-30T04:54:26Z","UsDhZzB7LzmI","USER","_current_assigned_to"
"PkDpvemUrLhA","2026-07-30T04:54:26Z","UsDhZzB7LzmI","USER","_current_assigned_to"
"PkDpvarnnt9q","2026-07-30T04:54:26Z","UsDhZzB7LzmI","USER","_current_assigned_to"
"PkDn4rGMzKER","2026-07-30T04:54:26Z","UsCw2I27fXaf","USER","_current_assigned_to"
"PkDn4ptmKtVi","2026-07-30T04:54:26Z","UsCw2I27fXaf","USER","_current_assigned_to"
"PkDn4mdDQibS","2026-07-30T04:54:26Z","UsCy9_Q7B_w9","USER","_current_assigned_to"
"PkDn4lsk75IB","2026-07-30T04:54:26Z","UsCy9_Q7B_w9","USER","_current_assigned_to"
"PkDn4kwcL8q6","2026-07-30T04:54:26Z","UsCy9_Q7B_w9","USER","_current_assigned_to"
"PkDn4kDv81bG","2026-07-30T04:54:26Z","UsCy9_Q7B_w9","USER","_current_assigned_to"
"PkDn4jaZp5Z5","2026-07-30T04:54:26Z","UsCy9_Q7B_w9","USER","_current_assigned_to"
"PkDn4ijHJkaO","2026-07-30T04:54:26Z","UsCy9_Q7B_w9","USER","_current_assigned_to"
"PkDn4hzVLS2i","2026-07-30T04:54:26Z","UsCy9_Q7B_w9","USER","_current_assigned_to"
"PkDn4cgzU5nl","2026-07-30T04:54:26Z","UsCyVvWa2KTv","USER","_current_assigned_to"
"PkDn4cgzU5nl","2026-07-30T04:54:26Z","UsDGmglyEMR9","USER","_current_assigned_to"
"PkDn4cAE_RIF","2026-07-30T04:54:26Z","UsCyVvWa2KTv","USER","_current_assigned_to"
"PkDn4cAE_RIF","2026-07-30T04:54:26Z","UsDGmglyEMR9","USER","_current_assigned_to"
"PkDlWv457p0q","2026-07-30T04:54:26Z","UsCyVvWa2KTv","USER","_current_assigned_to"
"PkDlWv457p0q","2026-07-30T04:54:26Z","UsDdTwIHZEe6","USER","_current_assigned_to"
"PkDlWNAqp24H","2026-07-30T04:54:26Z","UsCy9_Q7B_w9","USER","_current_assigned_to"
"PkDlWNAqp24H","2026-07-30T04:54:26Z","UsDdTwIHZEe6","USER","_current_assigned_to"
"PkDlEVTHJuNe","2026-07-30T04:54:26Z","UsCyVwuplHVM","USER","_current_assigned_to"
"PkDlEVTHJuNe","2026-07-30T04:54:26Z","UsDdTwIHZEe6","USER","_current_assigned_to"
"PkDlERLbRgK3","2026-07-30T04:54:26Z","UsCy9_Q7B_w9","USER","_current_assigned_to"
"PkDlERLbRgK3","2026-07-30T04:54:26Z","UsDdTwIHZEe6","USER","_current_assigned_to"
"PkDlEGUztakT","2026-07-30T04:54:26Z","UsCzc3KJqN9Q","USER","_current_assigned_to"
"PkDlEGUztakT","2026-07-30T04:54:26Z","UsDdTwIHZEe6","USER","_current_assigned_to"
"PkDlE8infsO9","2026-07-30T04:54:26Z","UsCw2I27fXaf","USER","_current_assigned_to"
"PkDlE8infsO9","2026-07-30T04:54:26Z","UsDdTwIHZEe6","USER","_current_assigned_to"
"PkDlDNmF4hHz","2026-07-30T04:54:26Z","UsCw2I27fXaf","USER","_current_assigned_to"
"PkDlDNmF4hHz","2026-07-30T04:54:26Z","UsDdTwIHZEe6","USER","_current_assigned_to"
"PkDkV_GMGd6X","2026-07-30T04:54:26Z","UsCw2I27fXaf","USER","_current_assigned_to"
"PkDkV_GMGd6X","2026-07-30T04:54:26Z","UsDdTwIHZEe6","USER","_current_assigned_to"
"PkDkVXs2E9F5","2026-07-30T04:54:26Z","UsCy9_Q7B_w9","USER","_current_assigned_to"
"PkDkVXs2E9F5","2026-07-30T04:54:26Z","UsDdTwIHZEe6","USER","_current_assigned_to"
"PkDkVTygudDl","2026-07-30T04:54:26Z","UsCw2I27fXaf","USER","_current_assigned_to"
"PkDkVTygudDl","2026-07-30T04:54:26Z","UsDdTwIHZEe6","USER","_current_assigned_to"
"PkDkVSPgmT0Z","2026-07-30T04:54:26Z","UsCw2I27fXaf","USER","_current_assigned_to"
"PkDkVSPgmT0Z","2026-07-30T04:54:26Z","UsDdTwIHZEe6","USER","_current_assigned_to"
"PkDkVMvvERb0","2026-07-30T04:54:26Z","UsCw2I27fXaf","USER","_current_assigned_to"
"PkDkVMvvERb0","2026-07-30T04:54:26Z","UsDdTwIHZEe6","USER","_current_assigned_to"
